iata,name,country,continent,comment
0B,Blue Air,Romania,Europe,
0C,IBL Aviation,Mauritius,Africa,
0D,Darwin Airline,Switzerland,Europe,
0J,Jetclub,Switzerland,Europe,
0V,Vietnam Air Services Company,Vietnam,Asie,
1A,Amadeus IT Group,Spain,Europe,
1B,Abacus International,Singapore,Asie,Computer reservation system
1C,Electronic Data Systems,Switzerland,Europe,
1D,Radixx,United States,North America,
1E,Travelsky Technology,China,Asie,
1F,INFINI Travel Information,Japan,Asie,Computer Reservation System
1G,Galileo International,United States,North America,
1H,Siren-Travel,Russia,Europe,
1I,Deutsche Rettungsflugwacht,Germany,Europe,
1K,Southern Cross Distribution,Australia,Oceania,
1L,Open Skies Consultative Commission,United States,North America,
1M,JSC Transport Automated Information Systems,Russia,Europe,
1N,Navitaire,United States,North America,
1P,Worldspan,United States,North America,
1Q,Sirena,Russia,Europe,
1R,Hainan Phoenix Information Systems,China,Asie,
1S,Sabre,United States,North America,
1T,Hitit Computer Services,Turkey,Asie,Computer reservation system
1U,ITA Software,United States,North America,Computer reservation system
1Y,Electronic Data Systems,United States,North America,
1Z,Sabre Pacific,Australia,Oceania,
2A,Deutsche Bahn,Germany,Europe,
2C,SNCF,France,Europe,
2F,Frontier Flying Service,United States,North America,
2G,Cargoitalia,Italy,Europe,
2G*,San Juan Airlines,United States,North America,
2H,Thalys,Belgium,Europe,Not an airline (train). Used for  codesharing
2J,Air Burkina,Burkina Faso,Africa,
2K,Avianca Ecuador,Ecuador,South America,Aerolíneas Galápagos SA
2L,Helvetic Airways,Switzerland,Europe,
2M,Moldavian Airlines,Moldova,Europe,
2N,NextJet,Sweden,Europe,
2O,Air Salone,Sierra Leone,Africa,
2P,Air Philippines,Philippines,Asie,
2Q,Air Cargo Carriers,United States,North America,
2R,Via Rail Canada,Canada,North America,
2S,Island Express,United States,North America,
2T,Timbis Air,Kenya,Africa,
2U,Air Guinee Express,Guinea,Africa,
2V*,Amtrak,United States,North America,Train services only
2W,Welcome Air,Austria,Europe,
2Z,Chang An Airlines,China,Asie,
3C,Calima Aviación,Spain,Europe,
3J,Zip,Canada,North America,ICAO Code and callsign no longer allocated
3K,Jetstar Asia Airways,Singapore,Asie,
3L,Air Arabia Abu Dhabi,United Arab Emirates,Asie,
3M,Silver Airways,United States,North America,
3N,Air Urga,Ukraine,Europe,
3O,Air Arabia Maroc,Morocco,Africa,This ICAO designator was previously used by
3P,Tiara Air,Aruba,North America,
3R,Moskovia Airlines,Russia,Europe,JSC
3S,Air Guyane Express,French Guiana,South America,
3T,Turan Air,Azerbaijan,Europe,
3U,Sichuan Airlines,China,Asie,
3V,TNT  Airways,Belgium,Europe,
3W,Euromanx Airways,Austria,Europe,
3W*,Wan Air,French Polynesia,Oceania,defunct
3X,Japan Air Commuter,Japan,Asie,
3Z,Smartwings Poland,Poland,Europe,formerly named Travel Service Poland
4A,Air Kiribati,Kiribati,Oceania,
4B,Boutique Air,United States,North America,
4C,"Aires, Aerovías de Integración Regional, S.A.",Colombia,South America,renamed to LAN Colombia
4D,Air Sinai,Egypt,Africa,
4F,Air City,Germany,Europe,
4G,Gazpromavia,Russia,Europe,
4G*,Advance Leasing Company,United States,North America,
4H,United Airways,Bangladesh,Asie,
4I,Knighthawk Air Express,Canada,North America,
4K*,Askari Aviation,Pakistan,Asie,
4M,LATAM Argentina,Argentina,South America,
4N,Air North Charter,Canada,North America,
4O,Interjet,Mexico,North America,Defunct in 2020
4R,Star East Airline,Romania,Europe,
4S,Finalair Congo,Republic of the Congo,Africa,
4T,Belair Airlines,Switzerland,Europe,
4U,Germanwings,Germany,Europe,
4Y,Airbus Industrie,France,Europe,
4Z,Airlink,South Africa,Africa,
5A,Alpine Air Express,United States,North America,
5C,CAL Cargo Air Lines,Israel,Asie,
5D,Aeroméxico Connect,Mexico,North America,
5F,Arctic Circle Air Service,United States,North America,
5G,Skyservice Airlines,Canada,North America,defunct
5J,Cebu Pacific,Philippines,Asie,
5K,Hi Fly,Portugal,Europe,
5L,AeroSur,Bolivia,South America,
5M,Montserrat Airways,Montserrat,North America,
5N,Nordavia,Russia,Europe,
5O,Europe Airpost,France,Europe,
5P,Small Planet Airlines,Germany,Europe,defunct
5V,Lviv Airlines,Ukraine,Europe,
5X,United Parcel Service,United States,North America,
5Y,Atlas Air,United States,North America,
5Z,Airfreight Express,United Kingdom,Europe,Ceased operations 08/03/2002
6A,Aviacsa,Mexico,North America,
6B,TUI  fly Nordic,Sweden,Europe,
6D,Smartwings Slovakia,Slovakia,Europe,formerly named Travel Service Slovakia
6E,IndiGo,India,Asie,InterGlobe Aviation
6G,Go2Sky,Slovakia,Europe,
6H,Israir,Israel,Asie,
6I,International Business Air,Sweden,Europe,was U5
6J,Jubba Airways,Somalia,Africa,
6K,Asian Spirit,Philippines,Asie,
6N,Nordic Regional,Sweden,Europe,
6P,Club Air,Italy,Europe,
6Q,Slovak Airlines,Slovakia,Europe,
6R,Aerotransporte de Carga Union,Mexico,North America,
6U,Air Ukraine,Ukraine,Europe,
6V,Mars RK,Ukraine,Europe,
6W,Saratov Airlines Joint Stock Company,Russia,Europe,
6Y,Smartlynx Airlines,Latvia,Europe,
6Z,Ukrainian Cargo Airways,Ukraine,Europe,
7A,Express Air Cargo,Tunisia,Africa,
7B,Bees Airline,Ukraine,Europe,"Established 2019, started 2021."
7C,Coyne Aviation,United Kingdom,Europe,
7E,Sylt Air GmbH,Germany,Europe,
7F,Canadian North,Canada,North America,Air Norterra
7G,Star Flyer,Japan,Asie,
7H,Northern Pacific Airways,United States,North America,
7K,Kogalymavia Air Company,Russia,Europe,
7L,Silk Way West Airlines,Azerbaijan,Europe,
7M,Mayair,Mexico,North America,
7N,Pawa Dominicana,Dominican Republic,North America,
7O,Galaxy Air,Kyrgyzstan,Asie,
7R,BRA-Transportes Aéreos,Brazil,South America,
7S,Ryan Air Services,United States,North America,
7T,Air Glaciers,Switzerland,Europe,
7W,Windrose Air,Germany,Europe,
8B,Caribbean Star Airlines,Antigua and Barbuda,North America,
8C,Air Transport International,United States,North America,
8D,FitsAir,Sri Lanka,Asie,
8E,Bering Air,United States,North America,
8F,Fischer Air,Czech Republic,Europe,
8H,BH Air,Bulgaria,Europe,
8I,Myway Airlines,Italy,Europe,
8J,Komiinteravia,Russia,Europe,
8L,Cargo Plus Aviation,United Arab Emirates,Asie,
8M,Maxair,Sweden,Europe,
8N,Barents AirLink,Sweden,Europe,previously Nordkalottflyg
8O,West Coast Air,Canada,North America,
8P,Pacific Coastal Airlines,Canada,North America,
8Q,Onur Air,Turkey,Asie,
8Q*,Baker Aviation,United States,North America,
8S,Scorpio Aviation,,Europe,
8T,Air Tindi,Canada,North America,
8U,Afriqiyah Airways,Libya,Africa,
8V,Astral Aviation,Kenya,Africa,
8W,Fly All Ways,Suriname,South America,
8Y,Air Burundi,Burundi,Africa,
8Z,Wizz Air Bulgaria,Bulgaria,Europe,
9A,Eagle Express Air Charter,Malaysia,Asie,
9C,Spring Airlines,China,Asie,
9E,Endeavor Air,United States,North America,
9I,Air India Regional,India,Asie,
9K,Cape Air,United States,North America,
9L,AirTanker Services,United Kingdom,Europe,
9M,Central Mountain Air,Canada,North America,
9O,National Airways Cameroon,Cameroon,Africa,
9P,Fly Jinnah,Pakistan,Asie,
9Q,PB Air,Thailand,Asie,
9R,Phuket Air,Thailand,Asie,
9T,Air ACT,Turkey,Asie,
9U,Air Moldova,Moldova,Europe,
9V,Vipair Airlines,Kazakhstan,Asie,defunct
9W,Jet Airways,India,Asie,
9Y,Fly Georgia,Georgia,Europe,
A0,Avianca Argentina,Argentina,South America,Owned by
A2,Animawings,Romania,Europe,
A3,Aegean Airlines,Greece,Europe,
A4,Southern Winds Airlines,Argentina,South America,
A5,Airlinair,France,Europe,
A6,Air Alps Aviation,Austria,Europe,
A7,Air Plus Comet,Spain,Europe,
A8,Aerolink Uganda,Uganda,Africa,
A9,Georgian Airways,Georgia,Europe,
AA,American Airlines,United States,North America,
AB,Bonza,Australia,Oceania,
AC,Air Canada,Canada,North America,
AD,Azul Linhas Aéreas Brasileiras,Brazil,South America,
AE,Mandarin Airlines,Taiwan,Asie,
AF,Air France,France,Europe,
AG,ASL Airlines Ireland,Ireland,Europe,"Former IATA Code: AG; former names: Hunting Air Cargo Airlines, Air Contractors"
AH,Air Algérie,Algeria,Africa,
AI,Air India,India,Asie,
AJ,Aero Contractors,Nigeria,Africa,
AK,AirAsia,Malaysia,Asie,ICAO code no longer allocated
AL,Skywalk Airlines,United States,North America,(Astral Aviation)
AM,Aeroméxico,Mexico,North America,
AN,Advanced Air,United States,North America,2015
AP,AlbaStar,Spain,Europe,
AQ,MAP-Management and Planung,Austria,Europe,
AR,Aerolíneas Argentinas,Argentina,South America,
AS,"Alaska Airlines, Inc.",United States,North America,
AT,Royal Air Maroc,Morocco,Africa,
AU,Austral Líneas Aéreas,Argentina,South America,
AV,Avianca,Colombia,South America,
AW,Africa World Airlines,Ghana,Africa,
AX,AmericanConnection,United States,North America,
AY,Finnair,Finland,Europe,
AZ,Alitalia,Italy,Europe,defunct
B2,Belavia,Belarus,Europe,
B3,Bellview Airlines,Nigeria,Africa,
B4,BACH Flugbetriebsges,Austria,Europe,
B6,JetBlue Airways,United States,North America,
B7,UNI Air,Taiwan,Asie,
B8,Eritrean Airlines,Eritrea,Africa,
BA,British Airways,United Kingdom,Europe,
BB,Seaborne Airlines,United States,North America,
BC,Skymark Airlines,Japan,Asie,
BD,BMI,United Kingdom,Europe,Ceased operations
BE,Flybe,United Kingdom,Europe,
BF,Aero-Service,Republic of the Congo,Africa,
BG,Biman Bangladesh Airlines,Bangladesh,Asie,
BH,Hawkair,Canada,North America,defunct since 2016
BI,Royal Brunei Airlines,Brunei,Asie,
BJ,Nouvel Air Tunisie,Tunisia,Africa,
BK,Potomac Air,United States,North America,
BL,Pacific Airlines,Vietnam,Asie,
BM,BMI Regional,United Kingdom,Europe,
BN,Braniff International Airways,United States,North America,defunct
BO,Bluebird Nordic,Iceland,Europe,
BP,Air Botswana,Botswana,Africa,
BQ,Baltia Air Lines,United States,North America,"Callsign changed from ""BALTIA FLIGHT"" in 2015"
BR,EVA Air,Taiwan,Asie,
BS,British International Helicopters,United Kingdom,Europe,
BT,Air Baltic,Latvia,Europe,
BU,Buryat Airlines Aircompany,Russia,Europe,
BV,Blue Panorama Airlines,Italy,Europe,
BW,Caribbean Airlines,Trinidad and Tobago,North America,
BX,Air Busan,South Korea,Asie,
BY,TUI  Airways,United Kingdom,Europe,"Formerly ""TOMSON"""
BZ,Blue Dart Aviation,India,Asie,
C3,Independent Carrier (ICAR),Ukraine,Europe,
C4,Zimex Aviation,Switzerland,Europe,
C5,CommutAir,United States,North America,
C6,CanJet,Canada,North America,
C7,Cinnamon Air,Sri Lanka,Asie,
C8,Cargolux Italia,Italy,Europe,
C9,Cirrus Airlines,Germany,Europe,defunct
CA,Air China,China,Asie,
CB*,Kalitta Charters II,United States,North America,"Operates B727-200's, DC9-15 & 30, B737-400's"
CC,Air Atlanta Icelandic,Iceland,Europe,
CD,Corendon Dutch Airlines,Netherlands,Europe,
CE,Nationwide Airlines,South Africa,Africa,
CG,Airlines PNG,Papua New Guinea,Oceania,
CH,Bemidji Airlines,United States,North America,
CI,China Airlines,Taiwan,Asie,
CJ,BA CityFlyer,United Kingdom,Europe,
CK,China Cargo Airlines,China,Asie,
CL,Lufthansa CityLine,Germany,Europe,
CM,Copa Airlines,Panama,North America,
CN,Islands Nationair,Papua New Guinea,Oceania,
CO,Continental Airlines,United States,North America,"ICAO Code and callsign withdrawn, merged with"
CP,Compass Airlines,United States,North America,
CQ,Central Charter,Czech Republic,Europe,
CS,Continental Micronesia,United States,North America,
CU,Cubana de Aviación,Cuba,North America,
CV,Air Chathams,New Zealand,Oceania,
CW,Air Marshall Islands,Marshall Islands,Oceania,
CX,Cathay Pacific,Hong Kong,Asie,
CY,Cyprus Airways,Cyprus,Europe,
CZ,China Southern Airlines,China,Asie,
D0,DHL Air Limited,United Kingdom,Europe,
D2,Severstal Air Company,Russia,Europe,
D3,Daallo Airlines,Djibouti,Africa,
D4,Alidaunia,Italy,Europe,
D5,Dauair,Germany,Europe,
D6,Interair South Africa,South Africa,Africa,
D7,AirAsia X,Malaysia,Asie,
D8,Norwegian Air Sweden,Sweden,Europe,subsidiary of Norwegian Air Shuttle
D8*,Norwegian Air International,Ireland,Europe,subsidiary of Norwegian Air Shuttle
D9,Donavia,Russia,Europe,formerly Aeroflot-Don
DA,Air Georgia,Georgia,Europe,
DB,Brit Air,France,Europe,
DC,Golden Air,Sweden,Europe,
DD,Nok Air,Thailand,Asie,
DE,Condor Flugdienst,Germany,Europe,
DG,Cebgo,Philippines,Asie,"Formerly SEAir, South East Asian  Airlines and Tigerair Philippines"
DH,Discovery Airways,United States,North America,
DI,Norwegian Air UK,United Kingdom,Europe,subsidiary of Norwegian Air Shuttle (Ceased operations 2021)
DJ,AirAsia Japan,Japan,Asie,defunct
DK,Eastland Air,Australia,Oceania,
DL,Delta Air Lines,United States,North America,
DN,Norwegian Air Argentina,Argentina,South America,subsidiary of Norwegian Air Shuttle (Ceased operations 2019)
DO,Dominicana de Aviación,Dominican Republic,North America,defunct
DP,Air 2000,United Kingdom,Europe,defunct
DQ,Coastal Air,United States,North America,
DS,easyJet Switzerland,Switzerland,Europe,
DT,TAAG Angola Airlines,Angola,Africa,
DU,Norwegian Long Haul,Norway,Europe,subsidiary of Norwegian Air Shuttle (Ceased operations 2021)
DV,Nantucket Airlines,United States,North America,WAS 9k
DW,Aero-Charter Ukraine,Ukraine,Europe,
DX,DAT Danish Air Transport,Denmark,Europe,
DY,Norwegian Air Shuttle,Norway,Europe,
E0,Eos Airlines,United States,North America,
E1,Everbread,United Kingdom,Europe,
E2,Eurowings Europe,Austria,Europe,
E3,Domodedovo Airlines,Russia,Europe,defunct
E5,Samara Airlines,Russia,Europe,defunct
E6,Bringer Air Cargo Taxi Aéreo,Brazil,South America,
E7,Estafeta Carga Aérea,Mexico,North America,
E9,Air Memphis,Egypt,Africa,defunct
EA,Eastern Air Lines,United States,North America,defunct
EC,Avialeasing Aviation Company,Uzbekistan,Asie,
ED,AirExplore,Slovakia,Europe,
ED*,Airblue,Pakistan,Asie,
EG,Aer Lingus UK,United Kingdom,Europe,
EH,Air Nippon Network Co. Ltd.,Japan,Asie,merged into
EI,Aer Lingus,Ireland,Europe,
EJ,New England Airlines,United States,North America,
EK,Emirates Airlines,United Arab Emirates,Asie,
EL,Air Nippon,Japan,Asie,merged into
EM,Empire Airlines,United States,North America,
EN,Air Dolomiti,Italy,Europe,
EO,Hewa Bora Airways,Democratic Republic of the Congo,Africa,
EP,Iran Aseman Airlines,Iran,Asie,
EQ,TAME,Ecuador,South America,Transporte Aéreos Militares  Ecuatorianos
ES,DHL International,Bahrain,Asie,
ET,Ethiopian Airlines,Ethiopia,Africa,
EU,Empresa Ecuatoriana De Aviación,Ecuador,South America,
EV,Atlantic Southeast Airlines,United States,North America,Merged into
EW,Eurowings,Germany,Europe,
EX,Atlantic Airlines,United States,North America,
EY,Etihad Airways,United Arab Emirates,Asie,
EZ,Evergreen International Airlines,United States,North America,
F2,Fly Air,Turkey,Asie,
F3,Faso Airways,Burkina Faso,Africa,
F4,Albarka Air,Nigeria,Africa,
F5,Cosmic Air,Nepal,Asie,
F6,FaroeJet,Faroe Islands,Europe,
F7,Flybaboo,Switzerland,Europe,
F8,Flair Airlines,Canada,North America,
F9,Frontier Airlines,United States,North America,
FA,Safair,South Africa,Africa,
FB,Bulgaria Air,Bulgaria,Europe,
FC,Finncomm Airlines,Finland,Europe,
FD,Royal Flying Doctor Service,Australia,Oceania,
FE,Far Eastern Air Transport,Taiwan,Asie,
FF,Airshop,Netherlands,Europe,
FG,Ariana Afghan Airlines,Afghanistan,Asie,
FH,Freebird Airlines,Turkey,Asie,
FI,Icelandair,Iceland,Europe,
FJ,Fiji Airways,Fiji,Oceania,
FK,Africa West,Togo,Africa,
FL,Air Leap,Sweden,Europe,
FM,Shanghai Airlines,China,Asie,Part of
FN,Regional Air Lines,Morocco,Africa,
FO,Airlines of Tasmania,Australia,Oceania,
FP,Fly Pro,,Europe,
FR,Ryanair,Ireland,Europe,
FS,Flyr,Norway,Europe,
FT,FlyEgypt,,Europe,
FV,Pulkovo Aviation Enterprise,Russia,Europe,defunct merged into
FW,Ibex Airlines,Japan,Asie,
FX,FedEx Express,United States,North America,
FY,Firefly,Malaysia,Asie,
FZ,Flydubai,UAE,Asie,
G0,Ghana International Airlines,Ghana,Africa,
G1,Gorkha Airlines,Nepal,Asie,?ICAO
G2,Avirex,Gabon,Africa,
G3,City Connexion Airlines,Burundi,Africa,defunct
G4,Allegiant Air,United States,North America,
G5,China Express Airlines,China,Asie,
G6,Fly Arna,Armenia,Europe,
G7,Gandalf Airlines,Italy,Europe,
G8,Enkor,Russia,Europe,
G9,Air Arabia,United Arab Emirates,Asie,
GA,Garuda Indonesia,Indonesia,Asie,
GB,ABX Air,United States,North America,"August 15, 2003 Air operations of former"
GC,Gambia International Airlines,Gambia,Africa,
GD,Air Alpha Greenland,Denmark,Europe,sold to
GE,TransAsia Airways,Taiwan,Asie,defunct
GF,Gulf Air,Bahrain,Asie,
GG,Air Guyane,French Guiana,South America,
GH,Globus Airlines,Russia,Europe,
GI,Itek Air,Kyrgyzstan,Asie,?ICAO confirmed; IATA not
GJ,Eurofly,Italy,Europe,
GK,Go One Airways,United Kingdom,Europe,
GL,Air Greenland,Greenland,North America,
GM,Air Slovakia,Slovakia,Europe,ICAO code no longer allocated
GO,Kuzu Airlines Cargo,Turkey,Asie,
GP,APG Airlines,France,Europe,
GQ,Big Sky Airlines,United States,North America,
GR,Aurigny Air Services,United Kingdom,Europe,
GS,Tianjin  Airlines,China,Asie,
GT,GB Airways,United Kingdom,Europe,
GV,Grant Aviation,United States,North America,
GW,Costa Rica Green Airways,Costa Rica,North America,
GX,JetX Airlines,Iceland,Europe,
GY,Guyana Airways 2000,,Europe,
GZ,Air Rarotonga,Cook Islands,Oceania,
H1,Hooters Air,United States,North America,"The airline was established in 2003 and started operations on March 6, 2003. On April 17, 2006,"
H2,Sky Airline,Chile,South America,
H4,Héli Sécurité Helicopter Airlines,France,Europe,
H5,Hola Airlines,Spain,Europe,
H6,Hageland Aviation Services,United States,North America,
H7,Eagle Air,Uganda,Africa,
H8,Dalavia,Russia,Europe,
H9,Air d'Ayiti,Haiti,North America,
HA,Hawaiian Airlines,United States,North America,
HB,Greater Bay Airlines,Hong Kong,Asie,
HC,Air Senegal,Senegal,Africa,
HD,AIRDO,Japan,Asie,
HE,German Airways,Germany,Europe,Former name: Luftfahrtgesellschaft Walter
HF,Hapagfly,Germany,Europe,Became
HG,Niki,Austria,Europe,
HH,Hope Air,Canada,North America,
HJ,Hellas Jet,Greece,Europe,ceased operation in 2010
HK,Four Star Aviation,United States,North America,Virgin Islands
HM,Air Seychelles,Seychelles,Africa,
HN,Heavylift Cargo Airlines,Australia,Oceania,
HO,Juneyao Airlines,China,Asie,
HP,Hawaiian Pacific Airlines,United States,North America,defunct
HQ,Harmony Airways,Canada,North America,
HR,Hahn Air,Germany,Europe,
HU,Hainan Airlines,China,Asie,
HV,Transavia Holland,Netherlands,Europe,
HW,Hello,Switzerland,Europe,
HX,Hong Kong Airlines,Hong Kong,Asie,
HY,Uzbekistan Airways,Uzbekistan,Asie,
HZ,Sakhalinskie Aviatrassy,Russia,Europe,
I2,Iberia Express,Spain,Europe,"Charter service, low cost carrier for EU flights of Iberia operating only A320s"
I4,Island Air Express,United States,North America,2014
I5,AirAsia India,India,Asie,
I6,Sky Eyes,Thailand,Asie,
I7,IndiaOne Air,India,Asie,
I9,Indigo Airlines,United States,North America,
IA,Iraqi Airways,Iraq,Asie,
IB,Iberia Airlines,Spain,Europe,
IC,Indian Airlines,India,Asie,
ID,Batik Air,Indonesia,Asie,
IE,Solomon Airlines,Solomon Islands,Oceania,
IF,Islas Airways,Spain,Europe,
IG,Air Italy,Italy,Europe,merged into
IH,Falcon Aviation,Sweden,Europe,
II,IBC Airways,United States,North America,
IJ,Great Wall Airlines,China,Asie,
IK,Ikar,Russian Federation,Asie,
IM,Menajet,Lebanon,Asie,
IN,MAT Macedonian Airlines,Macedonia,Europe,Defunct
IO,Indonesian Airlines,Indonesia,Asie,
IP,Atyrau Air Ways,Kazakhstan,Asie,
IR,Iran Air,Iran,Asie,Was B9
IT,Kingfisher Airlines,India,Asie,
IV,Wind Jet,Italy,Europe,
IW,Wings Air,Indonesia,Asie,Subsidiary of
IX,Air India Express,India,Asie,
IY,Yemenia,Yemen,Asie,
IZ,Arkia Israel Airlines,Israel,Asie,
J2,Azerbaijan Airlines,Azerbaijan,Europe,
J3,Northwestern Air,Canada,North America,
J4,Buffalo Airways,Canada,North America,
J6,AVCOM,Russia,Europe,
J7,Centre-Avia,Russia,Europe,
J8,Berjaya Air,Malaysia,Asie,
J9,Guinee Airlines,Guinea,Africa,defunct
JA,B&H Airlines,Bosnia and Herzegovina,Europe,
JB,Helijet,Canada,North America,
JC,JAL Express,Japan,Asie,
JD,Beijing Capital Airlines,China,Asie,
JE,Mango,South Africa,Africa,
JF,Jet Asia Airways,Thailand,Asie,
JH,Fuji Dream Airlines,Japan,Asie,
JI,Jade Cargo International,China,Asie,
JJ,Aviogenex,Serbia,Europe,
JK,Spanair,Spain,Europe,defunct
JL,Japan Airlines,Japan,Asie,Japan Airlines International
JM,Air Jamaica,Jamaica,North America,merged into
JN,Excel Airways,United Kingdom,Europe,
JO,JALways,Japan,Asie,
JP,Adria Airways,Slovenia,Europe,
JQ,Jetstar,Australia,Oceania,
JR,Aero California,Mexico,North America,
JS,Air Koryo,Democratic People's Republic of Korea,Asie,
JT,Lion Air,Indonesia,Asie,
JU,Air Serbia,Serbia,Europe,Name changed from Aeroput to JAT Yugoslav Airlines to Jat Airways to Air Serbia. Formerly used JAT as ICAO code.
JV,Bearskin Lake Air Service,Canada,North America,
JW,Vanilla Air,Japan,Asie,
JX,Starlux Airlines,Taiwan,Asie,
JY,Air Turks and Caicos,Turks and Caicos Islands,North America,ICAO code no longer allocated
JZ,Skyways Express,Sweden,Europe,Ceased operations 2012; Operations continue as
K2,Eurolot,Poland,Europe,
K3,Taquan Air Services,United States,North America,
K4,Kalitta Air,United States,North America,"Operates B747-400's, B767-300ER's, B777F"
K5,SeaPort Airlines,United States,North America,Former airline:
K6,Angkor Air,Cambodia,Asie,
K8,Airlink Zambia,Zambia,Africa,Zambia Skyways Limited
K9,Kalitta Charters,United States,North America,"Operates Lear 25s, 35s, 36s Falcon 20s, CL601"
KB,Druk Air,Bhutan,Asie,
KC,Air Astana,Kazakhstan,Asie,
KD,Kalstar Aviation,Indonesia,Asie,
KE,Korean Air,South Korea,Asie,
KF,Blue1,Finland,Europe,
KG,Key Lime Air,United States,North America,
KH,Aloha Air Cargo,United States,North America,
KI,Air Atlantique,United Kingdom,Europe,Former name:
KJ,Asian Air,Kyrgyzstan,Asie,
KK,Atlasjet,Turkey,Asie,
KL,KLM,Netherlands,Europe,
KM,Air Malta,Malta,Europe,
KN,China United Airlines,China,Asie,
KO,Alaska Central Express,United States,North America,
KP,Kiwi International Air Lines,United States,North America,
KQ,Kenya Airways,Kenya,Africa,
KR,Cambodia Airways,Cambodia,Asie,
KS,Peninsula Airways,United States,North America,
KU,Kuwait Airways,Kuwait,Asie,
KV,Kavminvodyavia,Russia,Europe,
KW,Kharkiv Airlines,Ukraine,Europe,
KX,Cayman Airways,Cayman Islands,North America,
KZ,Nippon Cargo Airlines,Japan,Asie,
L1,Lufthansa Systems,Germany,Europe,
L2,Lynden Air Cargo,United States,North America,
L3,DHL de Guatemala,Guatemala,North America,
L4,Lynx Aviation,United States,North America,Part of
L5,Línea Aérea Cuencana,Ecuador,South America,
L6,Tbilaviamsheni,Georgia,Europe,
L7,Laoag International Airlines,Philippines,Asie,
L8,Air Luxor GB,Guinea-Bissau,Africa,
L9,Belle Air Europe,Italy,Europe,Previously
LA,LATAM Chile,Chile,South America,
LB,Air Costa,India,Asie,
LC,Varig Logística,Brazil,South America,defunct
LD,Air Hong Kong,Hong Kong,Asie,
LF,Contour Airlines,United States,North America,
LG,Luxair,Luxembourg,Europe,
LH,Lufthansa,Germany,Europe,
LI,Leeward Islands Air Transport,Antigua and Barbuda,North America,
LJ,Jin Air,South Korea,Asie,
LK,Air Luxor,Portugal,Europe,ICAO code no longer allocated
LL,Miami Air International,United States,North America,"Previous IATA Code ""GL"""
LM,Livingston Energy Flight,Italy,Europe,
LN,Libyan Arab Airlines,Libya,Africa,
LO,LOT Polish Airlines,Poland,Europe,"""POLLOT"" is not used in practice. ""LOT"" is used in almost all cases."
LP,LATAM Peru,Peru,South America,
LQ,Lebanese Air Transport,Lebanon,Asie,
LR,LACSA,Costa Rica,North America,
LS,Jet2.com,United Kingdom,Europe,
LT,LTU International,Germany,Europe,
LU,LATAM Express,Chile,South America,
LV,Albanian Airlines,Albania,Europe,
LW,Pacific Wings,United States,North America,
LX,Swiss International Air Lines,Switzerland,Europe,
LY,El Al Israel Airlines,Israel,Asie,
LZ,Balkan Bulgarian Airlines,Bulgaria,Europe,defunct
M2,Mahfooz Aviation,Gambia,Africa,
M3,Air Service,Macedonia,Europe,
M4,Mistral Air,Italy,Europe,renamed
M5,Kenmore Air,United States,North America,
M6,Amerijet International,United States,North America,
M7,MasAir,Mexico,North America,
M9,Motor Sich,Ukraine,Europe,
MA,Malév Hungarian Airlines,Hungary,Europe,defunct
MB,Execair Aviation,Canada,North America,
MC,Air Mobility Command,United States,North America,
MD,Air Madagascar,Madagascar,Africa,
ME,Middle East Airlines,Lebanon,Asie,
MF,Xiamen Airlines,China,Asie,
MG,Champion Air,United States,North America,
MH,MASwings,Malaysia,Asie,
MI,SilkAir,Singapore,Asie,
MJ,Líneas Aéreas Privadas Argentinas,Argentina,South America,defunct
MK,Air Mauritius,Mauritius,Africa,
ML,African Transport Trading and Investment Company,Sudan,Africa,
MM,EuroAtlantic Airways,Portugal,Europe,
MN,Comair,South Africa,Africa,
MO,Calm Air,Canada,North America,
MP,Martinair,Netherlands,Europe,
MQ,American Eagle Airlines,United States,North America,Renamed
MR,Air Mauritanie,Mauritania,Africa,
MS,Egyptair,Egypt,Africa,
MT,JMC Airlines,United Kingdom,Europe,
MU,China Eastern Airlines,China,Asie,
MW,Maya Island Air,Belize,North America,
MX,Breeze Airways,United States,North America,
MY,Midwest Airlines (Egypt),Egypt,Africa,
MZ,Merpati Nusantara Airlines,Indonesia,Asie,
N/A,North Coast Air Services Ltd,Canada,North America,
N0,Norse Atlantic Airways,Norway,Europe,
N2,Dagestan Airlines,Russia,Europe,
N4,Mountain Air Company,Sierra Leone,Africa,
N5,Kyrgyz Airlines,Kyrgyzstan,Asie,
N6,Lagun Air,Spain,Europe,
N7,National Airlines,United States,North America,defunct
N8,Fika Salaama Airlines,Uganda,Africa,
N9,North Coast Aviation,Papua New Guinea,Oceania,
NA,National Airlines,United States,North America,defunct
NB,Sterling Airlines,Denmark,Europe,
NC,National Jet Systems,Australia,Oceania,
NE,SkyEurope,Slovakia,Europe,defunct
NF,Air Vanuatu,Vanuatu,Oceania,
NG,Lauda Air,Austria,Europe,
NH,All Nippon Airways,Japan,Asie,
NI,LANICA,Nicaragua,North America,
NK,Spirit Airlines,United States,North America,
NL,Shaheen Air,Pakistan,Asie,
NM,Mount Cook Airline,New Zealand,Oceania,
NN,VIM Airlines,Russia,Europe,
NO,Neos,Italy,Europe,
NQ,Air Japan,Japan,Asie,
NR,Pamir Airways,Afghanistan,Asie,
NT,Binter Canarias,Spain,Europe,
NU,Japan Transocean Air,Japan,Asie,
NW,Northwest Airlines,United States,North America,defunct
NX,Air Macau,Macao,Asie,
NY,Air Iceland,Iceland,Europe,
NZ,Air New Zealand,New Zealand,Oceania,"""NZ"" used by"
O2,OLT Express,Poland,Europe,"defunct, funded by acquisition of Jet Air and YES Airways"
O3,SF Airlines,China,Asie,
O4,Antrak Air,Ghana,Africa,
O6,Avianca Brasil,Brazil,South America,Owned by
O7,OzJet,Australia,Oceania,
O9,Nova Airline,Sudan,Africa,
OA,Olympic Air,Greece,Europe,
OB,Boliviana de Aviación,Bolivia,South America,
OD,Malindo Airways,Malaysia,Asie,
OE,Asia Overnight Express,Philippines,Asie,
OF,Air Finland,Finland,Europe,
OH,Comair,United States,North America,
OJ,Fly Jamaica Airways,Jamaica,North America,defunct
OK,Czech Airlines,Czech Republic,Europe,
OL,OLT Express Germany,Germany,Europe,
OM,MIAT Mongolian Airlines,Mongolia,Asie,
ON,Our Airline,Nauru,Oceania,formerly
OO,SkyWest Airlines,United States,North America,
OP,Chalk's International Airlines,United States,North America,
OQ,Chongqing Airlines,China,Asie,
OR,TUI fly Netherlands,Netherlands,Europe,
OS,Austrian Airlines,Austria,Europe,
OT,Aeropelican Air Services,Australia,Oceania,
OU,Croatia Airlines,Croatia,Europe,
OV,Estonian Air,Estonia,Europe,
OW,Executive Airlines,United States,North America,
OX,Orient Thai Airlines,Thailand,Asie,
OY,Andes Líneas Aéreas,Argentina,South America,
OZ,Asiana Airlines,South Korea,Asie,
P0,Proflight Zambia,Zambia,Africa,
P2,Small Planet Airlines,Italy,Europe,defunct
P3,Aeroflot-Plus,Russia,Europe,
P5,AeroRepública,Colombia,South America,
P6,Privilege Style Líneas Aéreas,Spain,Europe,
P7,Russian Sky Airlines,Russia,Europe,
P8,Pantanal Linhas Aéreas,Brazil,South America,
P9,Nas Air,Mali,Africa,
PA,Florida Coastal Airlines,United States,North America,
PB,Provincial Airlines,Canada,North America,
PC,Pegasus Airlines,Turkey,Asie,"WAS 1I, H9"
PD,Porter Airlines,Canada,North America,
PE,People's,Austria,Europe,Previously used by
PF,Palestinian Airlines,Egypt,Africa,
PG,Bangkok Airways,Thailand,Asie,
PH,Polynesian Airlines,Samoa,Oceania,
PI,Piedmont Airlines (1948-1989),United States,North America,defunct
PJ,Air Saint Pierre,France,Europe,
PK,Pakistan International Airlines,Pakistan,Asie,
PM,Tropic Air,Belize,North America,
PN,West Air (China),China,Asie,
PO,Polar Air Cargo,United States,North America,
PP,Jet Aviation,Switzerland,Europe,
PQ,SkyUp,Ukraine,Europe,
PR,2GO,Philippines,Asie,
PS,Ukraine International Airlines,Ukraine,Europe,
PT,Capital Cargo International Airlines,United States,North America,Allocation deleted 2013
PU,PLUNA,Uruguay,South America,
PV,PAN Air,Spain,Europe,
PW,Precision Air,Tanzania,Africa,
PX,Air Niugini,Papua New Guinea,Oceania,
PY,Surinam Airways,Suriname,South America,
PZ,LATAM Paraguay,Paraguay,South America,
Q2,Maldivian (airline),Maldives,Asie,
Q3,Zambian Airways,Zambia,Africa,
Q4,Mastertop Linhas Aéreas,Brazil,South America,
Q5,40-Mile Air,United States,North America,
Q6,Aero Condor Peru,Peru,South America,
Q7,SkyBahamas,Bahamas,North America,
Q8,Pacific East Asia Cargo Airlines,Philippines,Asie,
Q9,Afrinat International Airlines,Gambia,Africa,"defunct, ICAO code no longer allocated"
QB,Georgian National Airlines,Georgia,Europe,
QC,Camair-Co,Cameroon,Africa,
QD,Air Class Líneas Aéreas,Uruguay,South America,
QE,Crossair Europe,Switzerland,Europe,
QF,Eastern Australia Airlines,Australia,Oceania,IATA dupe with parent QANTAS. Also uses 2 letter ICAO EA.
QH,Air Florida,United States,North America,relaunching
QI,Cimber Sterling,Denmark,Europe,
QJ,Jet Airways,United States,North America,
QK,Air Canada Jazz,Canada,North America,
QL,Aero Lanka,Sri Lanka,Asie,
QN,Air Armenia,Armenia,Europe,
QO,Aeromexpress,Mexico,North America,
QP,Akasa Air,India,Asie,
QQ,Alliance Airlines,Australia,Oceania,
QR,Qatar Airways,Qatar,Asie,
QS,African Safari Airways,Kenya,Africa,
QT,TAMPA,Colombia,South America,
QU,Uganda Airlines (1976–2001),Uganda,Africa,Ceased operations 2001
QV,Lao Airlines,Lao People's Democratic Republic,Asie,
QW,Blue Wings,Germany,Europe,defunct
QX,Horizon Air,United States,North America,
QY,European Air Transport,Belgium,Europe,
QZ,Indonesia AirAsia,Indonesia,Asie,
R0,Royal Airlines,Pakistan,Asie,
R1,Sirin,,Europe,
R2,Orenburg Airlines,Russia,Europe,
R3,Aircompany Yakutia,Russia,Europe,
R5,Jordan Aviation,Jordan,Asie,
R6,RACSA,Guatemala,North America,
R7,Aserca Airlines,Venezuela,South America,
R8,Kyrgyzstan Airlines,Kyrgyzstan,Asie,
R9,Camai Air,United States,North America,Village Aviation
RA,Nepal Airlines,Nepal,Asie,was
RB,Syrian Arab Airlines,Syrian Arab Republic,Asie,
RC,Atlantic Airways,Faroe Islands,Europe,
RD,Ryan International Airlines,United States,North America,
RE,Aer Arann,Ireland,Europe,
RF,Aero K,South Korea,Asie,established in May 2016; commenced operations on 15 April 2021
RG,Varig,Brazil,South America,
RH,Hong Kong Air Cargo,Hong Kong,Asie,
RI,Mandala Airlines,Indonesia,Asie,
RJ,Royal Jordanian,Jordan,Asie,
RK,Skyview Airways,THAILAND,Asie,2014
RL,Abakan-Avia,Russia,Europe,
RO,Tarom,Romania,Europe,
RP*,Chautauqua Airlines,United States,North America,Was US*
RQ,Kam Air,Afghanistan,Asie,
RR,Royal Air Force,United Kingdom,Europe,
RS,Air Seoul,South Korea,Asie,
RT,UVT Aero,Russia,Europe,
RU,AirBridge Cargo,Russia,Europe,Former IATA: BO
RV,Air Canada Rouge,Canada,North America,
RV*,Africaone,The Gambia,Africa,
RW,Republic Airways,United States,North America,
RX,Regent Airways,Bangladesh,Asie,
RZ,Euro Exec Express,Sweden,Europe,
RZ*,Sansa,Costa Rica,North America,
S0,Slok Air Gambia,Gambia,Africa,
S2,Air Sahara,India,Asie,renamed to Jetlite
S3,Santa Barbara Airlines,Venezuela,South America,
S4,SATA International,Portugal,Europe,
S5,Star Air (India),India,Asie,
S7,S7 Airlines,Russia,Europe,
S8,Chari Aviation Services,Chad,Africa,
S9,East African Safari Air,Kenya,Africa,
SA,South African Airways,South Africa,Africa,
SB,Air Caledonie International,France,Europe,
SC,Shandong Airlines,China,Asie,
SD,Sudan Airways,Sudan,Africa,
SE,XL Airways France,France,Europe,
SF,Tassili  Airlines,Algeria,Africa,
SG,JetsGo,Canada,North America,defunct
SH,Fly Me Sweden,Sweden,Europe,
SI,Blue Islands,United Kingdom,Europe,
SJ,Freedom Air,New Zealand,Oceania,defunct
SK,Scandinavian Airlines,"Sweden, Denmark and Norway",Europe,
SL,Rio Sul Serviços Aéreos Regionais,Brazil,South America,defunct
SM,Swedline Express,Sweden,Europe,Ceased operations 2006
SN,Brussels Airlines,Belgium,Europe,
SO,Superior Aviation,United States,North America,
SP,SATA Air Acores,Portugal,Europe,
SQ,Singapore Airlines,Singapore,Asie,
SR,Swissair,Switzerland,Europe,defunct
SS,Corsairfly,France,Europe,
ST,Germania,Germany,Europe,
SU,Aeroflot,Russia,Europe,
SV,Saudia,Saudi Arabia,Asie,
SW,Air Namibia,Namibia,Africa,
SX,FlyGTA Airlines,Canada,North America,
SY,Sun Country Airlines,United States,North America,
T2,Thai  Air Cargo,Thailand,Asie,
T3,Eastern Airways,United Kingdom,Europe,
T4,TRIP Linhas Aéreas,Brazil,South America,IATA code 8R changed to T4  (2010)
T5,Turkmenistan Airlines,Turkmenistan,Asie,
T6,Tavrey  Airlines,Ukraine,Europe,
T7,Twin Jet,France,Europe,
T9,Thai Star Airlines,Thailand,Asie,
TB,TUI  fly Belgium,Belgium,Europe,
TC,Air Tanzania,Tanzania,Africa,
TD,Atlantis European Airways,Armenia,Europe,
TE,FlyLal,Lithuania,Europe,defunct
TF,Malmö Aviation,Sweden,Europe,
TG,Thai Airways International,Thailand,Asie,
TH,BA Connect,United Kingdom,Europe,defunct
TI,Tailwind Airlines,Turkey,Asie,
TJ,Tradewind Aviation,United States,North America,
TK,Turkish  Airlines,Turkey,Asie,
TL,Airnorth,Australia,Oceania,
TM,Linhas Aéreas de Moçambique,Mozambique,Africa,
TN,Air Tahiti Nui,France,Europe,
TO,President Airlines,Cambodia,Asie,
TP,TAP  Portugal,Portugal,Europe,
TQ,Tandem  Aero,Moldova,Europe,
TR,Scoot,Singapore,Asie,
TS,Air Transat,Canada,North America,
TT,Tigerair Australia,Australia,Oceania,"Previously TGW, callsign GO CAT"
TU,Tunisair,Tunisia,Africa,
TV,Virgin Express,Belgium,Europe,defunct
TW,Trans World Airlines,United States,North America,
TX,Air Caraïbes,France,Europe,
TXZ,Thai Express Air,Thailand,Asie,
TY,Air Calédonie,France,Europe,
TZ,Tsaradia,Madagascar,Africa,
U2,easyJet UK,United Kingdom,Europe,
U3,Avies,Estonia,Europe,
U4,Buddha Air,Nepal,Asie,
U5,USA3000 Airlines,United States,North America,
U6,Ural Airlines,Russia,Europe,
U7,Air Uganda,Uganda,Africa,
U8,Tel Aviv Air,Germany,Europe,defunct
UA,United Airlines,United States,North America,
UB,Myanma Airways,Myanmar,Asie,
UC,LATAM Cargo Chile,Chile,South America,
UD,Hex'Air,France,Europe,
UE,Nasair,Eritrea,Africa,
UF,UM Airlines,Ukraine,Europe,Ukraine Mediterranean Airlines
UG,SevenAir,United States,North America,
UH,Bristow Helicopters,United Kingdom,Europe,
UI,Eurocypria Airlines,Cyprus,Europe,
UJ,AlMasria Universal Airlines,Egypt,Africa,
UK,Vistara,India,Asie,Commenced operations 9 January 2015
UL,SriLankan Airlines,Sri Lanka,Asie,
UM,Air Zimbabwe,Zimbabwe,Africa,
UN,Transaero Airlines,Russia,Europe,
UO,Hong Kong Express Airways,Hong Kong,Asie,
UP,Bahamasair,Bahamas,North America,
UR,Uganda Airlines,Uganda,Africa,Started operations in 2019
US,US Airways,United States,North America,"defunct, merged with"
UT,UTair Aviation,Russia,Europe,WAS P2 till 2006
UU,Air Austral,France,Europe,
UX,Air Europa,Spain,Europe,
UZ,El-Buraq Air Transport,Libya,Africa,
V0,Conviasa,Venezuela,South America,
V2,Karat,Russia,Europe,
V3,Carpatair,Romania,Europe,
V4,Reem Air,Kyrgyzstan,Asie,
V5,DanubeWings,Slovakia,Europe,Former names VIP Air and VIP Wings
V7,Volotea,Spain,Europe,
V8,ATRAN Cargo Airlines,Russian Federation,Asie,
V9,BAL Bashkirian Airlines,Russia,Europe,
VA,Virgin Australia Regional Airlines,Australia,Oceania,
VB,Aeroenlaces Nacionales,Mexico,North America,Former ICAO code: AEN
VC,Ocean Airlines,Italy,Europe,
VD,Kunpeng Airlines,China,Asie,
VE,C.A.I. Second,Italy,Europe,
VF,Valuair,Singapore,Asie,
VG,VLM Airlines,Belgium,Europe,defunct
VH,Aeropostal Alas de Venezuela,Venezuela,South America,
VI,Volga-Dnepr Airlines,Russia,Europe,
VJ,Africa Airways,Benin,Africa,defunct
VK,FlyViking,,Europe,defunct
VL,Air VIA,Bulgaria,Europe,
VM,His Majesty King Maha Vajiralongkorn,Thailand,Asie,"holding airline, renamed on his accession"
VN,Vietnam Airlines,Vietnam,Asie,
VO,Tyrolean  Airways,Austria,Europe,Renamed from Austrian Arrows
VP,Indochina Airlines,Vietnam,Asie,defunct
VQ,Novo Air,Bangladesh,Asie,
VR,TACV,Cape Verde,Africa,
VS,Virgin Atlantic,United Kingdom,Europe,
VT,Air Tahiti,French Polynesia,Oceania,
VU,Vietravel Airlines,Vietnam,Asie,
VW,Aeromar,Mexico,North America,
VX,Virgin America,United States,North America,
VY,Vueling Airlines,Spain,Europe,
VZ,Thai  Vietjet Air,Thailand,Asie,
W2,Canadian Western Airlines,Canada,North America,
W3,Flyhy Cargo Airlines,Thailand,Asie,
W5,Mahan Air,Iran,Asie,
W6,Wizz Air,Hungary,Europe,
W7,Sayakhat Airlines,Kazakhstan,Asie,
W8,Cargojet Airways,Canada,North America,
W9,Abelag Aviation,Belgium,Europe,defunct
WA,KLM Cityhopper,Netherlands,Europe,
WB,Rwandair Express,Rwanda,Africa,
WC,Islena De Inversiones,Honduras,North America,
WD,DAS Air Cargo,Uganda,Africa,
WD*,Amsterdam Airlines,Netherlands,Europe,Former IATA code: FH*. ICAO code and call sign no longer allocated
WE,Centurion Air Cargo,United States,North America,
WF,Widerøe,Norway,Europe,
WG,Sunwing Airlines,Canada,North America,
WH,WebJet Linhas Aéreas,Brazil,South America,
WI,Aero Air,United States,North America,
WK,Edelweiss Air,Switzerland,Europe,
WL,Air Wales Virtual,United Kingdom,Europe,
WN,Southwest Airlines,United States,North America,
WO,Swoop,Canada,North America,
WP,Air Antwerp,Belgium,Europe,defunct
WQ,Swift Air,United States,North America,
WR,Royal Tongan Airlines,Tonga,Oceania,
WS,WestJet,Canada,North America,
WT,Wasaya Airways,Canada,North America,
WV,Swe Fly,Sweden,Europe,
WW,Bmibaby,United Kingdom,Europe,Ceased operations
WX,CityJet,Ireland,Europe,
WY,Oman Air,Oman,Asie,
WZ,West African Airlines,Benin,Africa,
X3,Hapag-Lloyd Express,Germany,Europe,Became
X7,Chitaavia,Russia,Europe,
X9,Avion Express,Lithuania,Europe,Name changed from Nordic Solutions Air
XC,Corendon Airlines,Turkey,Asie,Turistik Hava Tasimacilik
XE,JSX (airline),United States,North America,
XF,Vladivostok Air,Russia,Europe,
XG,Clickair,Spain,Europe,Merge into
XJ,Mesaba Airlines,United States,North America,
XK,Corse Méditerranée,France,Europe,Name changed to
XL,Aerolane,Ecuador,South America,Líneas Aéreas Nacionales Del Ecuador
XM,Australian airExpress,Australia,Oceania,
XN,XpressAir,Indonesia,Asie,Renamed from Travel Express  Aviation Services in 2012
XO,China Xinhua Airlines,China,Asie,
XP,Avelo Airlines,United States,North America,"Former ICAO code: CXP; former names: Casino Express Airlines, Xtra Airways"
XQ,SunExpress,Turkey,Asie,
XS,SITA,Belgium,Europe,
XT,SkyStar Airways,Thailand,Asie,
XW,NokScoot,Thailand,Asie,
XY,Flynas,Saudi Arabia,Asie,
Y0,Yellow Air Taxi/Friendship Airways,United States,North America,
Y2,Flyglobespan,United Kingdom,Europe,defunct
Y4,Volaris,Mexico,North America,
Y5,Golden Myanmar Airlines,Myanmar,Asie,
Y6,Batavia Air,Indonesia,Asie,"As of June 1, 2010, IATA code changed to Y6."
Y7,NordStar,Russia,Europe,
Y8,Suparna Airlines,China,Asie,Former name: Yangtze River Express
Y9,Kish Air,Iran,Asie,
YB,Borajet,Turkey,Asie,
YE,Aryan Cargo Express,India,Asie,
YI,Air Sunshine,United States,North America,
YK,Cyprus Turkish Airlines,Turkey,Asie,Ceased operations 2010
YL,Yamal Airlines,Russia,Europe,
YM,Montenegro Airlines,Montenegro,Europe,"former callsign was ""MONTAIR"""
YQ,TAR Aerolineas,Mexico,North America,
YS,Régional,France,Europe,
YT,Yeti Airlines,Nepal,Asie,Domestic
YV,Mesa Airlines,United States,North America,
YW,Air Nostrum,Spain,Europe,
YX,Midwest Airlines,United States,North America,
Z2,Philippines AirAsia,Philippines,Asie,
Z3,Avient Aviation,Zimbabwe,Africa,
Z4,Zoom Airlines,Canada,North America,"defunct, ICAO Code and callsign no longer allocated"
Z5,GMG Airlines,Bangladesh,Asie,
Z6,Dniproavia,Ukraine,Europe,
Z8,Línea Aérea Amaszonas,Bolivia,South America,
Z9,MYAirline,Malaysia,Asie,Yet to operate. Planned to operate scheduled services in Q4 of 2022.
ZA,Interavia Airlines,Russia,Europe,
ZB,Air Albania,Albania,Europe,
ZD,Ewa Air,France,Europe,
ZE,Arcus-Air Logistic,Germany,Europe,
ZG,Viva Macau,Macao,Asie,defunct
ZH,Shenzhen Airlines,China,Asie,
ZI,Aigle Azur,France,Europe,Former name:
ZK,Great Lakes Airlines,United States,North America,
ZL,Regional Express,Australia,Oceania,
ZN,Key Airlines,United States,North America,
ZP,Amaszonas Paraguay,Paraguay,South America,
ZQ,Air Montenegro,Montenegro,Europe,
ZS,Sama Airlines,Saudi Arabia,Asie,
ZT,Titan Airways,United Kingdom,Europe,
ZU,Helios Airways,Cyprus,Europe,
ZV,Air Midwest,United States,North America,defunct
ZW,Air Wisconsin,United States,North America,
ZX,Air Georgian,Canada,North America,
ZY,Sky Airlines,Turkey,Asie,
